{"stats":{"minecraft:mined":{"minecraft:dark_oak_planks":3,"minecraft:white_bed":1,"minecraft:black_terracotta":2,"botania:red_mystical_flower":6,"minecraft:cherry_log":42,"minecraft:red_nether_bricks":2,"minecraft:obsidian":6,"minecraft:chiseled_polished_blackstone":1,"railcraft:sulfur_ore":5,"minecraft:oxeye_daisy":2,"minecraft:nether_wart":1,"minecraft:spawner":12,"theurgy:deepslate_sal_ammoniac_ore":6,"deepresonance:resonating_ore_deepslate":1,"minecraft:weeping_vines_plant":2,"minecraft:sticky_piston":3,"minecraft:fire":28,"minecraft:cobbled_deepslate":40,"minecraft:moss_carpet":2,"minecraft:deepslate_lapis_ore":26,"blue_skies:spider_webbing":3,"quark:limestone":37,"occultism:otherworld_leaves_natural":43,"minecraft:pink_tulip":2,"twigs:polished_bloodstone_bricks":3,"botania:green_mystical_flower":6,"minecraft:brown_mushroom":2,"minecraft:soul_fire":8,"minecraft:torch":24,"minecraft:melon":6,"create:scoria":21,"minecraft:white_candle":1,"productivebees:dark_oak_wood_nest":1,"minecraft:sugar_cane":14,"minecraft:amethyst_block":179,"minecraft:cherry_slab":264,"rftoolsbase:dimensionalshard_overworld":16,"minecraft:repeater":1,"forbidden_arcanus:darkstone":1,"minecraft:stone_brick_stairs":2,"rftoolsstorage:modular_storage":3,"minecraft:grass":698,"minecraft:dark_oak_sapling":1,"minecraft:brown_candle":3,"gtceu:marble_cobblestone":5,"twigs:rhyolite":29,"minecraft:deepslate":239,"productivebees:nether_quartz_nest":4,"forbidden_arcanus:stella_arcanum":2,"minecraft:mossy_cobblestone":7,"quark:shale":18,"minecraft:dark_oak_log":608,"minecraft:purple_candle":4,"minecraft:nether_bricks":2,"minecraft:redstone_wire":2,"minecraft:red_mushroom":9,"minecraft:moss_block":3,"minecraft:black_stained_glass_pane":2,"minecraft:redstone_ore":6,"minecraft:andesite":63,"minecraft:vine":8,"alltheores:silver_ore":1,"minecraft:green_candle":3,"forbidden_arcanus:carved_edelwood_log":1,"irons_spellbooks:inscription_table":1,"minecraft:smithing_table":1,"minecraft:soul_sand":7,"minecraft:brown_carpet":9,"minecraft:dandelion":13,"minecraft:cornflower":5,"minecraft:emerald_ore":2,"rftoolsbase:dimensionalshard_nether":17,"minecraft:copper_ore":4,"quark:glow_shroom_block":9,"minecraft:tall_grass":137,"ars_elemental:yellow_archwood_log":77,"minecraft:diorite":229,"occultism:otherstone_natural":9,"productivebees:oak_wood_nest":1,"minecraft:spruce_log":4,"powah:energy_cable_starter":20,"minecraft:zombie_head":10,"minecraft:gravel":178,"elevatorid:elevator_red":2,"minecraft:cobweb":2,"minecraft:stone_bricks":4,"minecraft:iron_trapdoor":16,"minecraft:fern":40,"minecraft:sculk_vein":424,"minecraft:brewing_stand":2,"minecraft:cave_vines_plant":1,"minecraft:budding_amethyst":25,"quark:glow_shroom_stem":5,"minecraft:grass_block":237,"rftoolsstorage:storage_scanner":3,"minecraft:glowstone":120,"minecraft:iron_ore":126,"minecraft:dark_oak_stairs":8,"minecraft:iron_bars":2,"minecraft:black_candle":1,"minecraft:green_bed":1,"minecraft:deepslate_redstone_ore":43,"minecraft:blackstone":83,"twigs:lamp":2,"minecraft:clay":1,"minecraft:calcite":243,"minecraft:poppy":1,"minecraft:chest":9,"minecraft:nether_quartz_ore":613,"minecraft:cobblestone":67,"minecraft:grindstone":1,"minecraft:wall_torch":12,"minecraft:pink_petals":140,"minecraft:light_gray_candle":1,"minecraft:dark_oak_slab":102,"minecraft:nether_wart_block":4,"biomesoplenty:fir_log":276,"gtceu:marble":30,"biomesoplenty:clover":2,"minecraft:oak_log":88,"minecraft:dirt":288,"minecraft:crimson_planks":9,"mysticalagriculture:deepslate_prosperity_ore":3,"minecraft:netherrack":291,"minecraft:oak_leaves":6,"minecraft:cyan_candle":18,"minecraft:emerald_block":1,"minecraft:gray_candle":2,"minecraft:crying_obsidian":1,"minecraft:tuff":36,"minecraft:red_carpet":6,"alltheores:zinc_ore":2,"silentgear:wild_flax_plant":8,"minecraft:deepslate_diamond_ore":73,"minecraft:candle":9,"minecraft:purple_terracotta":1,"minecraft:spruce_leaves":66,"minecraft:cracked_nether_bricks":1,"minecraft:crimson_stem":67,"quark:jasper":15,"minecraft:spore_blossom":2,"minecraft:large_fern":26,"minecraft:furnace":4,"gtceu:rubber_log":17,"minecraft:stripped_spruce_log":29,"minecraft:black_concrete":3,"minecraft:gold_block":12,"minecraft:peony":1,"minecraft:shroomlight":55,"minecraft:deepslate_iron_ore":30,"minecraft:white_tulip":7,"minecraft:stone":1061,"minecraft:stripped_dark_oak_log":3,"minecraft:oak_fence":28,"minecraft:crafting_table":2,"minecraft:rose_bush":2,"minecraft:lectern":2,"minecraft:deepslate_coal_ore":8,"minecraft:lapis_ore":3,"theurgy:sal_ammoniac_ore":1,"minecraft:sculk":671,"supplementaries:urn":1,"minecraft:prismarine_bricks":1,"botania:red_double_flower":1,"minecraft:sea_pickle":1,"forbidden_arcanus:xpetrified_ore":30,"minecraft:coal_ore":394,"biomesoplenty:fir_leaves":273,"minecraft:cracked_stone_bricks":3,"travelersbackpack:enderman":1,"minecraft:mossy_stone_bricks":1,"forbidden_arcanus:runic_deepslate":1},"minecraft:picked_up":{"minecraft:iron_chestplate":1,"minecraft:chainmail_boots":5,"minecraft:creeper_head":1,"irons_spellbooks:affinity_ring":1,"ars_nouveau:pierce_arrow":139,"minecraft:lead":9,"minecraft:smithing_table":1,"gtceu:sticky_resin":14,"artifacts:chorus_totem":1,"minecraft:enchanted_book":13,"minecraft:brewing_stand":2,"minecraft:golden_sword":3,"productivebees:nether_quartz_nest":5,"minecraft:amethyst_block":358,"forbidden_arcanus:xpetrified_orb":31,"minecraft:string":92,"minecraft:cooked_salmon":2,"railcraft:iron_spike_maul":2,"minecraft:red_nether_bricks":4,"minecraft:beetroot_soup":2,"thermal:barley_seeds":4,"minecraft:shroomlight":55,"sushigocrafting:sesame_seeds":3,"minecraft:beetroot":12,"minecraft:cobbled_deepslate":270,"mysticalagriculture:inferium_essence":91,"minecraft:gold_nugget":38,"travelersbackpack:enderman":2,"ars_elemental:earth_caster_tome":1,"minecraft:written_book":1,"minecraft:hopper_minecart":1,"irons_spellbooks:blank_rune":2,"minecraft:enchanted_golden_apple":1,"minecraft:melon_slice":27,"ars_elemental:flashpine_pod":6,"wstweaks:fragment":11,"railcraft:sulfur_dust":13,"forbidden_arcanus:aureal_bottle":10,"irons_spellbooks:shriving_stone":2,"thermal:sadiroot_seeds":2,"minecraft:green_bed":1,"minecraft:cherry_log":43,"gtceu:gold_plate":1,"gtceu:purple_drink":33,"tombstone:tablet_of_cupidity":3,"minecraft:brown_carpet":9,"sophisticatedbackpacks:pickup_upgrade":2,"evilcraft:box_of_eternal_closure":8,"botania:manasteel_ingot":2,"minecraft:stone_sword":3,"productivebees:sturdy_bee_cage":3,"minecraft:honey_bottle":6,"minecraft:tropical_fish":1,"create:scoria":21,"farmersdelight:onion":17,"forbidden_arcanus:splash_aureal_bottle":4,"aether:chainmail_gloves":3,"minecraft:iron_block":10,"farmersdelight:rope":213,"tombstone:scroll_of_aquatic_life":7,"thermal:radish_seeds":3,"thermal:gold_gear":1,"supplementaries:ash":7,"minecraft:iron_bars":2,"minecraft:birch_log":1,"minecraft:furnace_minecart":1,"forbidden_arcanus:crimson_stone":1,"minecraft:cooked_beef":9,"farmersdelight:rice":6,"minecraft:dark_oak_boat":1,"reliquary:molten_core":2,"biomesoplenty:fir_log":276,"biomesoplenty:fir_sapling":39,"minecraft:flint":23,"ars_elemental:yellow_archwood_sapling":8,"immersiveengineering:ingot_lead":2,"irons_spellbooks:concentration_amulet":1,"lootr:trophy":1,"forbidden_arcanus:elementarium":1,"tombstone:familiar_receptacle":2,"minecraft:brown_candle":12,"reliquary:nebulous_heart":2,"railcraft:silver_ingot":1,"artifacts:shock_pendant":1,"minecraft:purple_carpet":2,"bhc:red_heart":14,"sushigocrafting:wasabi_seeds":6,"theurgy:sal_ammoniac_crystal":7,"silentgear:blaze_gold_ingot":1,"forbidden_arcanus:rune":1,"enderio:dark_steel_sword":2,"pneumaticcraft:stop_worm":3,"minecraft:glowstone_dust":602,"minecraft:diamond_helmet":4,"minecraft:moss_block":3,"minecraft:gray_candle":8,"enderio:dark_steel_ingot":31,"minecraft:honeycomb":3,"botania:red_mystical_flower":6,"minecraft:chiseled_polished_blackstone":8,"patchouli:guide_book":1,"tombstone:scroll_of_feather_fall":2,"everythingcopper:copper_horse_armor":21,"minecraft:stripped_spruce_log":20,"minecraft:ink_sac":16,"thermal:onion_seeds":3,"ars_nouveau:wilden_horn":10,"minecraft:trapped_chest":1,"minecraft:dark_oak_log":585,"minecraft:barrel":1,"naturalist:duck_egg":1,"quark:jasper":14,"minecraft:bundle":33,"minecraft:white_candle":4,"minecraft:lever":2,"thermal:eggplant_seeds":4,"minecraft:bread":81,"reliquary:glowing_water":4,"minecraft:golden_horse_armor":2,"minecraft:chainmail_helmet":1,"twigs:rhyolite":14,"reliquary:witch_hat":2,"minecraft:cherry_slab":269,"gtceu:invar_ingot":2,"minecraft:diamond_pickaxe":1,"minecraft:crafting_table":1,"pneumaticcraft:programming_puzzle":19,"pneumaticcraft:compressed_iron_leggings":7,"minecraft:nether_wart":10,"minecraft:clay_ball":216,"minecraft:leather_leggings":8,"railcraft:iron_crowbar":1,"tombstone:scroll_of_preservation":3,"gtceu:neodymium_dust":7,"sushigocrafting:soy_seeds":9,"minecraft:cornflower":5,"minecraft:flint_and_steel":2,"minecraft:iron_shovel":4,"minecraft:cracked_stone_bricks":3,"minecraft:music_disc_otherside":1,"pneumaticcraft:compressed_iron_helmet":4,"minecraft:beef":3,"minecraft:jungle_sapling":1,"minecraft:poppy":2,"minecraft:minecart":4,"supplementaries:rope":18,"minecraft:chest":10,"reliquary:rib_bone":2,"alltheores:raw_zinc":2,"sophisticatedbackpacks:backpack":2,"pneumaticcraft:gun_ammo_weighted":1,"pneumaticcraft:capacitor":28,"ars_nouveau:split_arrow":85,"farmersdelight:tomato_seeds":13,"minecraft:cake":3,"minecraft:carrot":27,"minecraft:redstone":748,"botania:overgrowth_seed":2,"botania:black_lotus":4,"crafting_on_a_stick:crafting_table":2,"minecraft:tnt":2,"artifacts:everlasting_beef":1,"minecraft:peony":2,"minecraft:hay_block":2,"artifacts:snowshoes":1,"rftoolsstorage:storage_scanner":3,"tombstone:essence_of_undeath":1,"alltheores:raw_osmium":1,"minecraft:polished_blackstone":6,"minecraft:glow_berries":5,"ars_nouveau:ritual_burrowing":1,"botania:green_mystical_flower":5,"minecraft:bone_block":23,"minecraft:white_wool":27,"pneumaticcraft:nuke_virus":4,"minecraft:rail":47,"minecraft:oxeye_daisy":4,"pneumaticcraft:spawner_agitator":2,"minecraft:tripwire_hook":2,"twigs:polished_bloodstone_bricks":3,"pneumaticcraft:logistics_core":4,"croptopia:glowing_calamari":1,"minecraft:red_mushroom":10,"irons_spellbooks:silver_ring":1,"gtceu:green_sapphire_gem":25,"minecraft:filled_map":1,"ars_nouveau:wilden_wing":3,"minecraft:oak_log":93,"quark:limestone":38,"minecraft:paper":21,"tombstone:gift":1,"rftoolsstorage:storage_module2":2,"alltheores:brass_ingot":2,"minecraft:apple":103,"minecraft:stone_bricks":3,"farmersdelight:cooking_pot":2,"minecraft:creeper_spawn_egg":5,"minecraft:wild_armor_trim_smithing_template":2,"minecraft:spore_blossom":4,"enderio:wood_gear":9,"quark:glow_shroom":2,"minecraft:cobweb":99,"tombstone:bag_of_seeds":10,"minecraft:glass_bottle":2,"caupona:asses":31,"tombstone:scroll_of_frost_resistance":8,"minecraft:iron_sword":5,"minecraft:flowering_azalea":1,"forbidden_arcanus:darkstone":1,"minecraft:dark_oak_stairs":8,"thermal:blitz_rod":2,"minecraft:dark_oak_slab":102,"productivebees:sugar_cane_nest":1,"minecraft:sweet_berries":1,"gtceu:silver_ingot":7,"thermal:strawberry_seeds":3,"minecraft:cracked_nether_bricks":2,"minecraft:gravel":179,"minecraft:spruce_sapling":5,"minecraft:spruce_log":5,"minecraft:crying_obsidian":1,"minecraft:leather_helmet":3,"tombstone:scroll_of_true_sight":3,"botania:red_double_flower":1,"minecraft:slime_ball":2,"gtceu:manganese_ingot":5,"immersiveengineering:seed":119,"minecraft:stone_axe":1,"tombstone:scroll_of_knowledge":6,"croptopia:orange":79,"minecraft:diamond_axe":2,"alltheores:raw_silver":1,"naturescompass:naturescompass":1,"minecraft:baked_potato":2,"thermal:amaranth_seeds":3,"minecraft:melon_seeds":13,"minecraft:stripped_dark_oak_log":3,"minecraft:ender_pearl":15,"irons_spellbooks:scroll":23,"ars_nouveau:caster_tome":2,"chemlib:lead_ingot":1,"minecraft:iron_trapdoor":32,"tombstone:tablet_of_home":3,"aether:iron_gloves":3,"minecraft:potion":13,"pneumaticcraft:micromissiles":2,"tombstone:grave_key":2,"minecraft:crimson_planks":9,"railcraft:steel_ingot":3,"reliquary:slime_pearl":1,"minecraft:raw_copper":52,"elevatorid:elevator_red":2,"aether:diamond_gloves":1,"minecraft:cherry_pressure_plate":32,"minecraft:iron_leggings":1,"minecraft:sticky_piston":4,"minecraft:armor_stand":10,"minecraft:purple_banner":2,"minecraft:experience_bottle":7,"minecraft:zombie_head":22,"pneumaticcraft:gun_ammo_explosive":3,"forbidden_arcanus:carved_edelwood_log":4,"minecraft:sea_pickle":4,"irons_spellbooks:arcane_essence":123,"minecraft:tnt_minecart":4,"reliquary:zombie_heart":3,"minecraft:bucket":5,"biomesoplenty:fir_planks":5,"delightful:acorn":11,"twigs:pebble":79,"minecraft:light_weighted_pressure_plate":2,"minecraft:white_tulip":8,"minecraft:calcite":435,"minecraft:iron_pickaxe":1,"alltheores:iron_ore_hammer":1,"thermal:spinach_seeds":3,"minecraft:iron_boots":4,"delightful:green_tea_leaf":11,"irons_spellbooks:inscription_table":2,"farmersdelight:cabbage_seeds":98,"minecraft:furnace":6,"botania:lexicon":6,"tombstone:scroll_of_lightning_resistance":9,"minecraft:tipped_arrow":2,"minecraft:stick":1,"apotheosis:gem":50,"quark:glow_shroom_ring":8,"minecraft:oak_fence":56,"minecraft:torch":57,"travelersbackpack:iron_tier_upgrade":1,"deeperdarker:heart_of_the_deep":1,"twigs:bamboo_leaves":3,"tombstone:grave_dust":41,"minecraft:diorite":229,"aether:golden_gloves":1,"thermal:flax_seeds":6,"pneumaticcraft:pressure_tube":48,"minecraft:goat_horn":3,"productivebees:upgrade_base":1,"fluxnetworks:flux_plug":3,"quark:ancient_tome":2,"eidolon:tattered_cloth":7,"silentgear:leather_scrap":10,"minecraft:rotten_flesh":183,"thermal:corn_seeds":3,"ars_nouveau:whirlisprig_shards":1,"evilcraft:condensed_blood":305,"gtceu:damascus_steel_ingot":1,"minecraft:obsidian":6,"minecraft:cobblestone":1154,"enderio:loot_capacitor":7,"ars_nouveau:drygmy_shard":1,"minecraft:nautilus_shell":2,"forbidden_arcanus:stellarite_piece":2,"occultism:datura_seeds":45,"minecraft:pink_petals":366,"minecraft:leather_chestplate":6,"pneumaticcraft:compressed_iron_boots":2,"minecraft:andesite":73,"mekanismtools:lapis_lazuli_helmet":1,"pneumaticcraft:gun_ammo_freezing":5,"minecraft:potato":6,"twilightforest:arctic_chestplate":1,"paraglider:spirit_orb":48,"gtceu:rubber_sapling":10,"minecraft:tuff":28,"minecraft:prismarine_bricks":1,"supplementaries:flax_seeds":19,"minecraft:lapis_lazuli":180,"minecraft:dirt":394,"constructionwand:iron_wand":1,"minecraft:name_tag":7,"minecraft:leather_boots":2,"irons_spellbooks:hogskin":2,"minecraft:glass":64,"minecraft:bone":282,"minecraft:pink_banner":1,"silentgear:blaze_gold_nugget":24,"silentgear:netherwood_sapling":7,"minecraft:bow":19,"ars_nouveau:source_gem":18,"minecraft:wheat_seeds":29,"minecraft:green_candle":22,"minecraft:raw_gold":53,"gtceu:bronze_ingot":5,"minecraft:grindstone":2,"tombstone:scroll_of_reach":5,"minecraft:mossy_stone_bricks":1,"minecraft:bamboo":13,"minecraft:powered_rail":4,"minecraft:cyan_candle":104,"twigs:twig":86,"silentgear:crimson_iron_ingot":15,"minecraft:ghast_tear":1,"thermal:bell_pepper_seeds":1,"minecraft:black_terracotta":4,"gtceu:yellow_garnet_gem":25,"irons_spellbooks:frozen_bone":15,"pneumaticcraft:gun_ammo_ap":1,"quark:shale":23,"minecraft:axolotl_bucket":1,"mekanismtools:osmium_chestplate":2,"forbidden_arcanus:edelwood_suspicious_stew_bucket":1,"minecraft:poisonous_potato":7,"minecraft:enderman_spawn_egg":2,"twigs:azalea_flowers":2,"ars_elemental:yellow_archwood_log":77,"minecraft:mossy_cobblestone":6,"tombstone:scroll_of_mercy":6,"artifacts:plastic_drinking_hat":1,"forbidden_arcanus:ender_pearl_fragment":2,"tombstone:familiar_stone":10,"minecraft:diamond":121,"minecraft:black_concrete":3,"waystones:waystone":5,"tombstone:tablet_of_recall":5,"minecraft:cracked_polished_blackstone_bricks":4,"minecraft:crossbow":3,"minecraft:golden_apple":2,"twilightforest:knightmetal_helmet":1,"minecraft:emerald":16,"minecraft:oak_sapling":36,"irons_spellbooks:uncommon_ink":1,"minecraft:netherrack":327,"nethersdelight:hoglin_loin":2,"twigs:petrified_lichen":4,"artifacts:night_vision_goggles":1,"croptopia:peach":44,"minecraft:turtle_helmet":4,"minecraft:rabbit_stew":2,"minecraft:brown_mushroom":3,"silentgear:nether_banana":5,"ars_nouveau:warp_scroll":2,"minecraft:cooked_rabbit":2,"minecraft:gold_block":12,"gtceu:rubber_log":17,"enderio:broken_spawner":48,"minecraft:shield":2,"railcraft:steel_sword":2,"ars_nouveau:amplify_arrow":29,"minecraft:moss_carpet":1,"minecraft:iron_axe":2,"pneumaticcraft:compressed_stone":263,"gtceu:olivine_gem":10,"minecraft:blackstone":197,"reliquary:chelicerae":6,"deeperdarker:warden_carapace":1,"minecraft:candle":28,"tombstone:scroll_of_unstable_intangibility":2,"minecraft:echo_shard":1,"minecraft:player_head":1,"minecraft:lectern":4,"irons_spellbooks:lightning_bottle":1,"minecraft:sugar_cane":15,"tombstone:tablet_of_assistance":3,"minecraft:phantom_membrane":2,"minecraft:dark_oak_sapling":8,"tombstone:ankh_of_pray":1,"minecraft:raw_iron":187,"ars_nouveau:ritual_flight":1,"forbidden_arcanus:bat_wing":4,"twigs:lamp":4,"minecraft:copper_ingot":14,"evilcraft:origins_of_darkness":9,"botania:mana_bottle":1,"gtceu:marble_cobblestone":33,"minecraft:cookie":2,"minecraft:music_disc_11":4,"minecraft:trident":4,"minecraft:iron_horse_armor":3,"tombstone:scroll_of_purification":6,"minecraft:purple_terracotta":1,"minecraft:dark_oak_planks":5,"ars_nouveau:music_disc_firel_the_wild_hunt":1,"minecraft:purple_candle":16,"artifacts:snorkel":1,"thermal:peanut_seeds":2,"railcraft:brass_ingot":1,"minecraft:arrow":77,"minecraft:weeping_vines":23,"artifacts:cowboy_hat":2,"minecraft:pumpkin_pie":11,"minecraft:nether_bricks":4,"productivebees:oak_wood_nest":1,"artifacts:running_shoes":2,"artifacts:cross_necklace":2,"minecraft:pink_tulip":3,"minecraft:saddle":1,"minecraft:glistering_melon_slice":28,"mekanism:ingot_lead":4,"quark:monster_box":1,"forbidden_arcanus:spawner_scrap":12,"minecraft:skeleton_skull":7,"bhc:blue_heart":1,"caupona:lead_ingot":3,"silentgear:flax_seeds":8,"minecraft:air":49,"sushigocrafting:rice_seeds":20,"minecraft:crimson_stem":67,"minecraft:glow_ink_sac":7,"minecraft:leather":14,"forbidden_arcanus:zombie_arm":1,"minecraft:music_disc_stal":3,"artifacts:onion_ring":1,"quark:smithing_template_rune":1,"minecraft:mushroom_stew":11,"pneumaticcraft:compressed_iron_chestplate":7,"minecraft:chainmail_chestplate":3,"minecraft:nether_wart_block":4,"productivebees:dark_oak_wood_nest":1,"minecraft:gunpowder":43,"powah:energy_cable_starter":20,"tombstone:voodoo_poppet":1,"quark:forgotten_hat":2,"apotheosis:warden_tendril":1,"rftoolsstorage:dump_module":1,"minecraft:cooked_mutton":2,"irons_spellbooks:common_ink":13,"pneumaticcraft:pneumatic_cylinder":18,"minecraft:red_carpet":6,"rftoolsbase:dimensionalshard":149,"minecraft:rabbit_hide":27,"railcraft:overalls":1,"minecraft:iron_ingot":15,"minecraft:cooked_chicken":4,"thermal:tomato_seeds":4,"minecraft:soul_sand":7,"minecraft:book":7,"minecraft:sculk_catalyst":1,"artifacts:obsidian_skull":1,"minecraft:emerald_block":2,"pneumaticcraft:transistor":4,"waystones:mossy_waystone":4,"minecraft:quartz":1068,"minecraft:dandelion":26,"sushigocrafting:cucumber_seeds":9,"minecraft:raw_iron_block":6,"pneumaticcraft:ingot_iron_compressed":79,"minecraft:amethyst_shard":32,"minecraft:white_bed":1,"thermal:green_bean_seeds":3,"ars_nouveau:music_disc_thistle_the_sound_of_glass":3,"gtceu:steel_ingot":13,"minecraft:spider_eye":21,"rftoolsstorage:modular_storage":4,"thermal:rice_seeds":3,"ars_nouveau:wilden_spike":4,"minecraft:pumpkin_seeds":17,"mekanismtools:osmium_leggings":1,"minecraft:light_gray_candle":2,"minecraft:chainmail_leggings":4,"minecraft:iron_helmet":7,"minecraft:cherry_sapling":16,"tombstone:magic_scroll":45,"minecraft:coal":731},"minecraft:used":{"minecraft:moss_block":3,"deeperdarker:heart_of_the_deep":1,"quark:shale":1,"minecraft:chest":30,"rftoolsstorage:dump_module":18,"constructionwand:iron_wand":16,"pneumaticcraft:compressed_iron_boots":2,"gtceu:purple_drink":1,"minecraft:dark_oak_slab":413,"forbidden_arcanus:growing_edelwood":1,"minecraft:oak_sapling":29,"minecraft:dark_oak_boat":2,"croptopia:peach":44,"minecraft:bow":13,"minecraft:furnace":2,"powah:energy_cable_starter":65,"minecraft:mossy_stone_bricks":1,"powah:solar_panel_starter":7,"minecraft:blackstone":106,"minecraft:wooden_pickaxe":59,"artifacts:eternal_steak":144,"minecraft:parrot_spawn_egg":1,"twigs:polished_bloodstone_bricks":3,"utilitix:mob_yoinker":6,"rftoolsstorage:modular_storage":12,"railcraft:steel_pickaxe":157,"minecraft:black_concrete_powder":3,"croptopia:orange":78,"quark:jasper":10,"minecraft:nether_wart_block":4,"twigs:bloodstone":3,"minecraft:stone_sword":133,"rftoolsstorage:storage_scanner":4,"minecraft:netherrack":237,"minecraft:torch":114,"minecraft:brewing_stand":2,"twigs:petrified_lichen":1,"biomesoplenty:snowblossom_sapling":1,"minecraft:shroomlight":55,"supplementaries:pedestal":1,"tombstone:ankh_of_pray":22,"minecraft:flowering_azalea":1,"minecraft:iron_block":1,"minecraft:cherry_slab":188,"twilightforest:arctic_chestplate":1,"elevatorid:elevator_red":2,"minecraft:gunpowder":1,"tombstone:gift":9,"torchmaster:megatorch":1,"minecraft:cobbled_deepslate":106,"minecraft:water_bucket":99,"quark:forgotten_hat":1,"minecraft:cracked_stone_bricks":1,"minecraft:mossy_cobblestone":6,"minecraft:red_bed":1,"productivebees:nether_quartz_nest":3,"minecraft:oak_log":3,"minecraft:diamond_pickaxe":3105,"minecraft:cornflower":3,"minecraft:iron_pickaxe":971,"travelersbackpack:standard":12,"minecraft:cobblestone":157,"biomesoplenty:fir_log":24,"minecraft:cherry_sapling":16,"minecraft:moss_carpet":1,"minecraft:iron_shovel":314,"minecraft:shield":65,"minecraft:obsidian":4,"pneumaticcraft:compressed_iron_leggings":2,"minecraft:tuff":20,"quark:limestone":3,"mekanismgenerators:wind_generator":1,"minecraft:iron_helmet":1,"minecraft:stone_bricks":3,"minecraft:red_carpet":6,"ars_nouveau:sourceberry_bush":1,"travelersbackpack:enderman":2,"minecraft:dark_oak_stairs":23,"minecraft:dark_oak_sapling":1,"minecraft:stone_pickaxe":133,"minecraft:diamond_axe":1468,"minecraft:crossbow":59,"minecraft:shears":1,"enderio:dark_steel_sword":1768,"waystones:waystone":1,"minecraft:dark_oak_log":113,"minecraft:bread":3,"minecraft:string":1,"minecraft:gravel":56,"minecraft:andesite":2,"forbidden_arcanus:carved_edelwood_log":1,"minecraft:bone_meal":64,"twigs:azalea_flowers":2,"minecraft:trident":10,"minecraft:white_tulip":1,"minecraft:flint_and_steel":3,"pneumaticcraft:compressed_iron_helmet":2,"minecraft:dirt":365,"minecraft:prismarine_bricks":1,"twigs:rhyolite":14,"minecraft:dark_oak_planks":11,"minecraft:wooden_axe":123,"evilcraft:flesh_humanoid":2,"minecraft:crimson_planks":7,"minecraft:enchanted_golden_apple":2,"tombstone:decorative_grave_original":1,"tombstone:scroll_of_knowledge":21,"minecraft:glass_bottle":3,"pneumaticcraft:compressed_iron_chestplate":2,"minecraft:green_bed":1,"rftoolsstorage:storage_control_module":12,"minecraft:apple":36,"minecraft:cracked_polished_blackstone_bricks":4,"waystones:mossy_waystone":4,"minecraft:pink_petals":7,"minecraft:bucket":114,"minecraft:splash_potion":1,"minecraft:soul_torch":3},"minecraft:broken":{"minecraft:diamond_pickaxe":1,"pneumaticcraft:compressed_iron_leggings":1,"quark:forgotten_hat":1,"minecraft:stone_sword":1,"aether:iron_gloves":2,"minecraft:wooden_pickaxe":1,"minecraft:shield":1,"minecraft:iron_pickaxe":3,"minecraft:iron_shovel":1,"pneumaticcraft:compressed_iron_helmet":1,"minecraft:stone_pickaxe":1,"pneumaticcraft:compressed_iron_boots":2,"minecraft:wooden_axe":1,"aether:chainmail_gloves":1},"minecraft:killed":{"minecraft:cave_spider":8,"minecraft:skeleton":65,"thermal:blitz":1,"minecraft:magma_cube":11,"minecraft:pillager":3,"minecraft:zombie":130,"minecraft:vindicator":1,"eidolon:wraith":7,"minecraft:warden":1,"minecraft:husk":17,"minecraft:wandering_trader":3,"minecraft:enderman":1,"minecraft:zombified_piglin":1,"minecraft:witch":5,"minecraft:spider":47,"quark:forgotten":2,"creeperoverhaul:bamboo_creeper":1,"thermal:blizz":1,"irons_spellbooks:summoned_skeleton":6,"minecraft:piglin_brute":1,"artifacts:mimic":6,"minecraft:piglin":4,"minecraft:zombie_villager":1,"irons_spellbooks:necromancer":1,"minecraft:creeper":10,"minecraft:trader_llama":8,"minecraft:ghast":2,"minecraft:stray":3,"eidolon:zombie_brute":4,"irons_spellbooks:summoned_zombie":13,"minecraft:slime":3,"minecraft:phantom":7,"minecraft:drowned":5,"quark:foxhound":3,"minecraft:bat":1,"minecraft:hoglin":1,"minecraft:wither_skeleton":4},"minecraft:dropped":{"naturescompass:naturescompass":1,"minecraft:iron_sword":4,"occultism:datura_seeds":3,"pneumaticcraft:gun_ammo_weighted":3,"silentgear:blaze_gold_nugget":24,"pneumaticcraft:gun_ammo_ap":1,"minecraft:glow_ink_sac":2,"minecraft:spore_blossom":2,"enderio:loot_capacitor":7,"minecraft:crossbow":2,"minecraft:weeping_vines":11,"minecraft:cookie":1,"minecraft:glow_berries":5,"thermal:corn_seeds":1,"tombstone:tablet_of_assistance":3,"gtceu:steel_ingot":13,"travelersbackpack:iron_tier_upgrade":1,"powah:dielectric_rod":44,"minecraft:cracked_stone_bricks":2,"minecraft:saddle":1,"quark:limestone":26,"minecraft:cherry_pressure_plate":32,"minecraft:rail":64,"minecraft:leather_helmet":3,"minecraft:red_mushroom":3,"minecraft:emerald":13,"minecraft:light_weighted_pressure_plate":2,"thermal:flax_seeds":1,"twigs:pebble":16,"minecraft:dirt":44,"chemlib:lead_ingot":1,"supplementaries:rope":18,"constructionwand:iron_wand":1,"irons_spellbooks:silver_ring":1,"caupona:lead_ingot":3,"tombstone:scroll_of_true_sight":5,"railcraft:overalls":2,"minecraft:tnt_minecart":4,"gtceu:bronze_ingot":5,"irons_spellbooks:arcane_essence":140,"minecraft:gold_nugget":19,"pneumaticcraft:nuke_virus":4,"forbidden_arcanus:darkstone":1,"minecraft:gray_candle":8,"thermal:peanut_seeds":1,"minecraft:iron_pickaxe":2,"minecraft:dark_oak_planks":1,"tombstone:familiar_receptacle":4,"enderchests:ender_chest":1,"minecraft:music_disc_stal":3,"ars_nouveau:wilden_horn":13,"artifacts:cowboy_hat":1,"rftoolsstorage:dump_module":1,"ars_nouveau:source_gem":18,"minecraft:bone":201,"quark:ancient_tome":1,"minecraft:green_candle":22,"gtceu:silver_ingot":7,"pneumaticcraft:spawner_agitator":2,"minecraft:goat_horn":3,"minecraft:emerald_block":1,"minecraft:lever":1,"irons_spellbooks:blank_rune":1,"gtceu:yellow_garnet_gem":25,"minecraft:iron_nugget":1,"tombstone:scroll_of_aquatic_life":7,"minecraft:cooked_chicken":2,"ars_nouveau:ritual_flight":1,"ars_nouveau:whirlisprig_shards":2,"minecraft:cobbled_deepslate":79,"aether:golden_gloves":1,"minecraft:wheat":3,"tombstone:gift":1,"railcraft:iron_crowbar":1,"minecraft:rotten_flesh":76,"minecraft:grindstone":2,"enderio:dark_steel_ingot":31,"minecraft:enchanted_golden_apple":1,"minecraft:glowstone_dust":305,"forbidden_arcanus:elementarium":1,"irons_spellbooks:inscription_table":2,"gtceu:manganese_ingot":11,"botania:manasteel_ingot":2,"supplementaries:flax_seeds":22,"pneumaticcraft:micromissiles":2,"forbidden_arcanus:edelwood_suspicious_stew_bucket":1,"mysticalagriculture:inferium_essence":55,"apotheosis:gem":31,"ars_nouveau:ritual_burrowing":1,"powah:dielectric_rod_horizontal":32,"tombstone:scroll_of_knowledge":6,"minecraft:leather_leggings":4,"farmersdelight:rope":318,"gtceu:green_sapphire_gem":25,"minecraft:brown_candle":6,"minecraft:red_nether_bricks":2,"quark:smithing_template_rune":1,"rftoolsstorage:tablet_scanner":2,"minecraft:glass":58,"botania:black_lotus":2,"caupona:asses":25,"minecraft:lectern":4,"farmersdelight:tomato_seeds":23,"tombstone:scroll_of_reach":5,"minecraft:enchanted_book":9,"tombstone:scroll_of_feather_fall":2,"minecraft:iron_ingot":12,"ars_nouveau:music_disc_firel_the_wild_hunt":1,"gtceu:gold_plate":2,"minecraft:wheat_seeds":10,"ars_nouveau:pierce_arrow":110,"productivebees:nether_quartz_nest":1,"reliquary:molten_core":2,"minecraft:polished_blackstone":3,"sushigocrafting:wasabi_seeds":5,"minecraft:golden_horse_armor":2,"evilcraft:condensed_blood":278,"minecraft:creeper_spawn_egg":5,"minecraft:oak_fence":56,"minecraft:iron_helmet":7,"croptopia:orange":1,"minecraft:cobblestone":776,"minecraft:book":7,"eidolon:tattered_cloth":2,"artifacts:whoopee_cushion":1,"pneumaticcraft:compressed_iron_leggings":7,"minecraft:apple":50,"pneumaticcraft:logistics_core":4,"minecraft:chainmail_helmet":1,"minecraft:coal":346,"minecraft:golden_apple":4,"minecraft:mushroom_stew":11,"pneumaticcraft:pressure_tube":64,"minecraft:oxeye_daisy":2,"minecraft:cobweb":80,"minecraft:iron_trapdoor":16,"railcraft:brass_ingot":1,"pneumaticcraft:compressed_iron_helmet":4,"pneumaticcraft:gun_ammo_explosive":2,"artifacts:plastic_drinking_hat":1,"minecraft:cooked_salmon":1,"minecraft:diamond_helmet":2,"minecraft:potion":15,"delightful:acorn":1,"quark:jasper":4,"minecraft:iron_shovel":4,"gtceu:purple_drink":33,"minecraft:chainmail_leggings":2,"minecraft:paper":63,"minecraft:string":141,"tombstone:voodoo_poppet":1,"ars_nouveau:caster_tome":3,"minecraft:beetroot_soup":1,"sophisticatedbackpacks:pickup_upgrade":2,"minecraft:furnace":1,"tombstone:familiar_stone":10,"minecraft:player_head":1,"minecraft:stone_sword":3,"forbidden_arcanus:ender_pearl_fragment":1,"minecraft:sticky_piston":2,"irons_spellbooks:uncommon_ink":1,"minecraft:experience_bottle":7,"evilcraft:box_of_eternal_closure":8,"minecraft:clay_ball":4,"pneumaticcraft:compressed_iron_chestplate":7,"minecraft:iron_boots":2,"sushigocrafting:rice_seeds":11,"minecraft:cherry_slab":143,"minecraft:name_tag":6,"evilcraft:origins_of_darkness":10,"minecraft:nether_bricks":2,"forbidden_arcanus:bat_wing":3,"minecraft:pumpkin_seeds":20,"railcraft:steel_ingot":3,"thermal:tomato_seeds":4,"supplementaries:quiver":1,"minecraft:potato":7,"minecraft:hay_block":4,"minecraft:sea_pickle":2,"pneumaticcraft:capacitor":28,"botania:lexicon":6,"minecraft:bundle":13,"artifacts:running_shoes":1,"ars_nouveau:music_disc_thistle_the_sound_of_glass":3,"minecraft:diamond_pickaxe":1,"alltheores:brass_ingot":2,"artifacts:onion_ring":2,"minecraft:rabbit_stew":1,"minecraft:bow":7,"minecraft:purple_candle":16,"waystones:waystone":1,"ars_nouveau:amplify_arrow":29,"minecraft:cooked_rabbit":1,"immersiveengineering:ingot_lead":3,"ars_nouveau:warp_scroll":2,"minecraft:candle":14,"minecraft:brown_mushroom":1,"alltheores:raw_silver":1,"minecraft:diamond_axe":2,"irons_spellbooks:concentration_amulet":1,"minecraft:oak_log":2,"minecraft:baked_potato":1,"irons_spellbooks:lightning_bottle":1,"minecraft:ender_pearl":13,"alltheores:raw_zinc":2,"pneumaticcraft:programming_puzzle":26,"minecraft:leather":6,"minecraft:iron_horse_armor":3,"pneumaticcraft:gun_ammo_freezing":4,"utilitix:experience_crystal":1,"productivebees:upgrade_base":2,"reliquary:chelicerae":6,"farmersdelight:rice":6,"minecraft:flint":4,"minecraft:music_disc_11":4,"tombstone:bag_of_seeds":9,"gtceu:olivine_gem":10,"minecraft:dark_oak_log":377,"reliquary:witch_hat":3,"silentgear:crimson_iron_ingot":15,"ars_nouveau:ritual_moonfall":1,"railcraft:silver_ingot":1,"farmersdelight:onion":17,"minecraft:pumpkin_pie":10,"minecraft:amethyst_shard":30,"silentgear:nether_banana":5,"tombstone:scroll_of_frost_resistance":8,"minecraft:furnace_minecart":1,"minecraft:axolotl_bucket":1,"twigs:lamp":2,"minecraft:glistering_melon_slice":28,"irons_spellbooks:shriving_stone":2,"tombstone:scroll_of_preservation":3,"minecraft:birch_log":1,"thermal:green_bean_seeds":1,"twigs:twig":5,"minecraft:armor_stand":5,"minecraft:gravel":21,"lootr:trophy":1,"minecraft:white_tulip":6,"minecraft:chiseled_polished_blackstone":4,"minecraft:blackstone":40,"ars_nouveau:wilden_spike":4,"minecraft:music_disc_otherside":1,"pneumaticcraft:transistor":4,"gtceu:neodymium_dust":7,"minecraft:beetroot":11,"tombstone:tablet_of_recall":8,"minecraft:black_terracotta":2,"rftoolsstorage:storage_module2":1,"forbidden_arcanus:aureal_bottle":10,"minecraft:cooked_mutton":1,"minecraft:honey_bottle":3,"gtceu:invar_ingot":3,"quark:shale":18,"artifacts:chorus_totem":1,"minecraft:carrot":24,"patchouli:guide_book":1,"minecraft:chainmail_chestplate":1,"reliquary:nebulous_heart":2,"minecraft:poppy":1,"crafting_on_a_stick:crafting_table":2,"minecraft:leather_chestplate":2,"minecraft:turtle_helmet":5,"minecraft:gunpowder":44,"minecraft:trident":1,"forbidden_arcanus:splash_aureal_bottle":5,"minecraft:skeleton_skull":3,"minecraft:melon_seeds":13,"ars_nouveau:drygmy_shard":1,"minecraft:chainmail_boots":2,"productivebees:sturdy_bee_cage":3,"silentgear:leather_scrap":5,"minecraft:arrow":34,"minecraft:powered_rail":4,"minecraft:cracked_nether_bricks":1,"minecraft:quartz":419,"immersiveengineering:seed":36,"minecraft:netherrack":45,"minecraft:purple_carpet":1,"minecraft:bread":65,"everythingcopper:copper_horse_armor":28,"enderio:wood_gear":10,"tombstone:tablet_of_home":3,"minecraft:minecart":5,"minecraft:poisonous_potato":7,"thermal:blitz_rod":1,"minecraft:lead":3,"minecraft:amethyst_block":179,"reliquary:glowing_water":4,"delightful:green_tea_leaf":1,"minecraft:hopper_minecart":2,"minecraft:copper_ingot":13,"pneumaticcraft:compressed_stone":276,"tombstone:scroll_of_mercy":6,"minecraft:enderman_spawn_egg":2,"tombstone:ankh_of_pray":1,"irons_spellbooks:scroll":23,"minecraft:iron_block":10,"irons_spellbooks:affinity_ring":1,"tombstone:magic_scroll":37,"minecraft:torch":1,"farmersdelight:cooking_pot":2,"tombstone:grave_key":1,"alltheores:iron_ore_hammer":1,"pneumaticcraft:stop_worm":3,"minecraft:zombie_head":1,"croptopia:peanut_seed":3,"tombstone:grave_dust":9,"minecraft:pink_banner":1,"silentgear:blaze_gold_ingot":1,"minecraft:cyan_candle":52,"irons_spellbooks:common_ink":13,"tombstone:scroll_of_lightning_resistance":7,"minecraft:iron_axe":2,"minecraft:raw_iron_block":6,"pneumaticcraft:compressed_iron_boots":3,"minecraft:bucket":5,"reliquary:slime_pearl":1,"ars_nouveau:wilden_wing":5,"minecraft:redstone":53,"pneumaticcraft:pneumatic_cylinder":20,"enderio:broken_spawner":22,"minecraft:nether_wart":6,"forbidden_arcanus:crimson_stone":1,"minecraft:raw_copper":58,"minecraft:wild_armor_trim_smithing_template":2,"alltheores:raw_osmium":1,"minecraft:tuff":6,"minecraft:raw_iron":34,"farmersdelight:cabbage_seeds":105,"botania:overgrowth_seed":4,"powah:capacitor_basic_tiny":6,"thermal:gold_gear":1,"tombstone:scroll_of_purification":6,"fluxnetworks:flux_plug":3,"railcraft:steel_sword":2,"pneumaticcraft:ingot_iron_compressed":92,"silentgear:netherwood_sapling":7,"railcraft:iron_spike_maul":3,"minecraft:glass_pane":16,"tombstone:scroll_of_unstable_intangibility":2,"minecraft:light_gray_candle":2,"minecraft:flint_and_steel":2,"minecraft:shield":2,"biomesoplenty:fir_planks":4,"aether:iron_gloves":4,"aether:chainmail_gloves":4,"gtceu:damascus_steel_ingot":1,"minecraft:iron_chestplate":1,"minecraft:andesite":9,"minecraft:cake":3,"ars_elemental:earth_caster_tome":1,"minecraft:oak_sapling":7,"botania:mana_bottle":1,"enderio:dark_steel_sword":2,"minecraft:golden_sword":3,"artifacts:cross_necklace":2,"mekanism:ingot_lead":4,"minecraft:raw_gold":34,"bhc:red_heart":1,"minecraft:calcite":192,"ars_nouveau:split_arrow":85,"tombstone:tablet_of_cupidity":3},"minecraft:killed_by":{"minecraft:piglin_brute":2,"minecraft:zombie":2},"minecraft:crafted":{"minecraft:lime_stained_glass":8,"botania:green_petal":2,"minecraft:black_dye":1,"minecraft:cherry_pressure_plate":32,"minecraft:blaze_powder":4,"minecraft:iron_bars":3,"botania:red_petal":16,"minecraft:quartz_block":38,"minecraft:diamond_helmet":1,"rftoolsstorage:storage_scanner":1,"minecraft:diamond_axe":1,"waystones:warp_stone":1,"tombstone:white_marble":5,"naturescompass:naturescompass":1,"minecraft:iron_pickaxe":1,"minecraft:compass":1,"minecraft:gold_ingot":45,"powah:capacitor_basic_tiny":12,"powah:dielectric_casing":7,"minecraft:iron_nugget":9,"minecraft:bone_meal":38,"powah:photoelectric_pane":21,"minecraft:diamond":1,"minecraft:black_concrete_powder":8,"minecraft:diamond_boots":1,"minecraft:stone_pickaxe":1,"minecraft:redstone_block":12,"minecraft:dark_oak_planks":113,"powah:dielectric_paste":10,"minecraft:red_bed":1,"powah:solar_panel_starter":7,"sophisticatedbackpacks:gold_backpack":3,"minecraft:iron_shovel":1,"powah:capacitor_basic":9,"utilitix:experience_crystal":1,"minecraft:brick":6,"minecraft:oak_planks":4,"rftoolsstorage:storage_control_module":2,"minecraft:dark_oak_boat":1,"ars_nouveau:archwood_planks":64,"minecraft:cherry_slab":34,"minecraft:green_dye":2,"minecraft:bow":5,"tombstone:grave_key":3,"minecraft:chest":59,"rftoolsstorage:storage_module3":2,"tombstone:decorative_grave_original":1,"minecraft:crafting_table":5,"minecraft:spruce_planks":4,"minecraft:red_wool":16,"minecraft:gold_block":10,"rftoolsstorage:storage_module0":1,"rftoolsstorage:storage_module2":1,"biomesoplenty:fir_planks":156,"minecraft:dark_oak_slab":69,"minecraft:diamond_pickaxe":2,"potionsmaster:calcinatedallthemodium_powder":1,"rftoolsstorage:modular_storage":8,"sophisticatedbackpacks:diamond_backpack":3,"minecraft:stick":19,"minecraft:iron_ingot":128,"minecraft:stone_sword":1,"minecraft:redstone_torch":4,"minecraft:shears":1,"rftoolsstorage:storage_module1":1,"minecraft:cherry_planks":42,"artifacts:eternal_steak":2,"rftoolsbase:machine_frame":9,"minecraft:spruce_button":4,"minecraft:furnace":1,"minecraft:diamond_block":19,"minecraft:glass_pane":16,"minecraft:flint_and_steel":2,"apotheosis:potion_charm":1,"rftoolsbase:tablet":2,"minecraft:lime_dye":2,"powah:dielectric_rod_horizontal":104,"sophisticatedbackpacks:iron_backpack":3,"powah:energy_cable_starter":15,"minecraft:red_dye":17,"minecraft:crimson_planks":3,"rftoolsbase:infused_diamond":18,"minecraft:dark_oak_stairs":32,"forbidden_arcanus:growing_edelwood":1,"rftoolsstorage:dump_module":1,"elevatorid:elevator_red":2,"tombstone:ankh_of_pray":1,"minecraft:bucket":15,"crafting_on_a_stick:crafting_table":1,"biomesoplenty:snowblossom_sapling":1,"minecraft:air":2575,"minecraft:jungle_planks":4,"minecraft:blue_dye":18,"powah:dielectric_rod":50,"minecraft:gold_nugget":18,"minecraft:white_dye":1,"minecraft:torch":19,"minecraft:diamond_chestplate":1},"minecraft:custom":{"minecraft:interact_with_crafting_table":2,"minecraft:open_barrel":11,"minecraft:eat_cake_slice":5,"minecraft:leave_game":16,"minecraft:time_since_death":488798,"minecraft:damage_blocked_by_shield":2810,"minecraft:play_time":965891,"minecraft:deaths":4,"minecraft:jump":12982,"minecraft:enchant_item":11,"minecraft:interact_with_furnace":39,"minecraft:traded_with_villager":2,"minecraft:interact_with_cartography_table":2,"minecraft:sleep_in_bed":22,"minecraft:waystone_activated":12,"minecraft:damage_dealt":84455,"tombstone:revive_familiar":3,"tombstone:undead_killed":266,"minecraft:interact_with_smoker":3,"minecraft:inspect_dispenser":1,"minecraft:horse_one_cm":176,"minecraft:interact_with_anvil":4,"minecraft:damage_dealt_absorbed":153,"minecraft:sneak_time":49554,"minecraft:interact_with_blast_furnace":4,"minecraft:total_world_time":976696,"tombstone:raider_killed":16,"minecraft:time_since_rest":65992,"minecraft:use_wand":223,"minecraft:swim_one_cm":215268,"minecraft:fly_one_cm":2941117,"minecraft:open_chest":685,"minecraft:fall_one_cm":1031705,"lootr:looted_stat":222,"minecraft:damage_resisted":217,"minecraft:sprint_one_cm":1431092,"minecraft:drop":1085,"minecraft:play_noteblock":2,"minecraft:talked_to_villager":35,"minecraft:interact_with_brewingstand":6,"minecraft:walk_on_water_one_cm":64621,"minecraft:crouch_one_cm":117250,"tombstone:villager_killed":3,"minecraft:mob_kills":402,"minecraft:damage_dealt_resisted":388,"minecraft:climb_one_cm":15152,"minecraft:walk_one_cm":1429359,"minecraft:walk_under_water_one_cm":65396,"minecraft:interact_with_grindstone":9,"minecraft:damage_taken":14596,"minecraft:damage_absorbed":320}},"DataVersion":3465}