{"stats":{"minecraft:mined":{"minecraft:dark_oak_planks":13,"mekanismgenerators:wind_generator":2,"minecraft:white_bed":9,"minecraft:cherry_log":55,"minecraft:granite":1,"railcraft:sulfur_ore":6,"minecraft:coal_block":2,"supplementaries:pedestal":3,"minecraft:chiseled_stone_bricks":4,"minecraft:spawner":19,"minecraft:tall_seagrass":7,"minecraft:magma_block":4,"minecraft:cobbled_deepslate":18,"minecraft:fire":8,"minecraft:barrel":1,"minecraft:moss_carpet":2,"minecraft:deepslate_lapis_ore":12,"minecraft:enchanting_table":1,"minecraft:sculk_shrieker":2,"quark:limestone":372,"occultism:otherworld_leaves_natural":3,"minecraft:iron_block":2,"create:limestone":1,"minecraft:tripwire":3,"twigs:bamboo_leaves":1,"minecraft:kelp_plant":1,"minecraft:deepslate_brick_wall":1,"minecraft:amethyst_cluster":1,"deepresonance:resonating_ore_stone":4,"minecraft:torch":4,"minecraft:polished_andesite_stairs":2,"minecraft:tube_coral_fan":1,"minecraft:sugar_cane":1,"minecraft:amethyst_block":64,"minecraft:cherry_slab":138,"forbidden_arcanus:darkstone":321,"alltheores:deepslate_osmium_ore":4,"alltheores:tin_ore":12,"rftoolsstorage:modular_storage":1,"minecraft:stone_brick_stairs":1,"minecraft:prismarine_brick_stairs":1,"minecraft:grass":195,"thermal:niter_ore":1,"minecraft:infested_mossy_stone_bricks":17,"delightful:mini_melon":1,"gtceu:marble_cobblestone":17,"minecraft:smooth_basalt":4,"twigs:rhyolite":135,"minecraft:deepslate":1618,"minecraft:deepslate_tiles":1,"connectedglass:borderless_glass_pane":22,"minecraft:mossy_cobblestone":1,"quark:shale":135,"minecraft:cherry_sapling":2,"minecraft:dark_oak_log":101,"botania:red_mushroom":2,"minecraft:potted_flowering_azalea_bush":1,"minecraft:cyan_stained_glass":1,"minecraft:purple_candle":2,"minecraft:dark_oak_fence":4,"delightful:cantaloupe_plant":2,"minecraft:moss_block":77,"minecraft:redstone_ore":1,"forbidden_arcanus:deepslate_arcane_crystal_ore":1,"minecraft:vine":7,"minecraft:bamboo_sapling":2,"alltheores:aluminum_ore":37,"forbidden_arcanus:carved_edelwood_log":8,"minecraft:brain_coral":1,"supplementaries:wall_lantern":5,"twigs:pebble":1,"minecraft:cherry_planks":2,"minecraft:dandelion":1,"minecraft:emerald_ore":2,"biomesoplenty:fir_planks":1,"minecraft:tall_grass":53,"minecraft:copper_ore":13,"minecraft:deepslate_gold_ore":19,"gtceu:red_granite":17,"minecraft:big_dripleaf":1,"minecraft:coarse_dirt":10,"biomesoplenty:snowblossom_sapling":1,"minecraft:cobblestone_wall":5,"twigs:tangerine_seashell":1,"travelersbackpack:pig":1,"minecraft:spruce_log":197,"minecraft:gravel":150,"elevatorid:elevator_red":1,"minecraft:cobweb":2,"minecraft:stone_bricks":9,"minecraft:gold_ore":4,"minecraft:deepslate_emerald_ore":1,"minecraft:large_amethyst_bud":1,"minecraft:cherry_pressure_plate":2,"minecraft:spruce_planks":2,"tombstone:decorative_subaraki_grave":2,"minecraft:sculk_vein":10,"minecraft:brewing_stand":1,"botania:black_mushroom":2,"minecraft:grass_block":345,"minecraft:sculk_catalyst":1,"minecraft:iron_ore":77,"alltheores:deepslate_lead_ore":5,"minecraft:anvil":2,"silentgear:deepslate_bort_ore":1,"minecraft:flowering_azalea_leaves":1,"minecraft:purple_carpet":1,"minecraft:black_candle":2,"minecraft:azalea_leaves":1,"minecraft:azalea":2,"minecraft:spruce_slab":1,"minecraft:deepslate_redstone_ore":104,"minecraft:cyan_terracotta":5,"minecraft:blackstone":511,"minecraft:clay":36,"minecraft:chest":34,"minecraft:nether_quartz_ore":51,"minecraft:cobblestone":42,"minecraft:grindstone":1,"minecraft:wall_torch":8,"minecraft:pink_petals":22,"minecraft:seagrass":7,"minecraft:dark_oak_slab":49,"ars_nouveau:archwood_planks":1,"delightful:cantaloupe":1,"minecraft:tnt":3,"biomesoplenty:fir_log":285,"gtceu:marble":190,"quark:glow_shroom":6,"minecraft:smooth_stone_slab":8,"enderchests:ender_chest":1,"minecraft:cracked_deepslate_tiles":1,"minecraft:oak_log":9,"minecraft:sand":258,"minecraft:dirt":380,"minecraft:infested_cracked_stone_bricks":10,"mysticalagriculture:deepslate_prosperity_ore":4,"minecraft:netherrack":1,"minecraft:oak_leaves":6,"minecraft:gray_candle":1,"minecraft:tuff":58,"minecraft:deepslate_diamond_ore":177,"minecraft:stripped_cherry_log":1,"minecraft:glow_lichen":1,"minecraft:decorated_pot":1,"connectedglass:clear_glass_pane":11,"minecraft:spruce_leaves":14,"quark:jasper":205,"minecraft:large_fern":1,"minecraft:hay_block":5,"minecraft:spore_blossom":3,"minecraft:furnace":16,"minecraft:dark_oak_fence_gate":4,"minecraft:stripped_spruce_log":1,"evilcraft:dark_ore":2,"minecraft:peony":1,"minecraft:gold_block":4,"minecraft:bookshelf":56,"minecraft:deepslate_iron_ore":4,"minecraft:shroomlight":1,"minecraft:lantern":5,"minecraft:stone":2163,"railcraft:quarried_stone":29,"minecraft:infested_stone_bricks":2,"minecraft:stripped_dark_oak_log":2,"travelersbackpack:standard":1,"minecraft:crafting_table":2,"twigs:roseate_seashell":1,"minecraft:rose_bush":1,"twigs:petrified_lichen":2,"minecraft:stone_slab":4,"theurgy:sal_ammoniac_ore":1,"minecraft:lapis_ore":1,"minecraft:lily_pad":1,"minecraft:sculk":266,"supplementaries:urn":6,"botania:red_double_flower":1,"forbidden_arcanus:xpetrified_ore":17,"minecraft:sea_pickle":4,"minecraft:black_wall_banner":1,"minecraft:coal_ore":89,"travelersbackpack:redstone":2,"minecraft:cherry_leaves":3,"minecraft:lodestone":2,"evilcraft:bloody_cobblestone":1,"minecraft:small_dripleaf":4,"minecraft:mossy_stone_bricks":5},"minecraft:picked_up":{"minecraft:iron_chestplate":1,"minecraft:chainmail_boots":3,"minecraft:flower_pot":1,"minecraft:creeper_head":1,"minecraft:anvil":2,"minecraft:lead":8,"minecraft:smithing_table":1,"minecraft:stone_slab":8,"gtceu:sticky_resin":22,"ars_nouveau:pierce_arrow":26,"artifacts:chorus_totem":1,"minecraft:enchanted_book":4,"croptopia:calamari":10,"minecraft:brewing_stand":1,"minecraft:amethyst_block":64,"forbidden_arcanus:xpetrified_orb":16,"minecraft:string":52,"create:limestone":1,"thermal:barley_seeds":2,"minecraft:shroomlight":1,"sushigocrafting:sesame_seeds":3,"mysticalagriculture:inferium_essence":78,"minecraft:cobbled_deepslate":1557,"minecraft:spruce_planks":2,"quark:cyan_shard":3,"minecraft:melon_slice":27,"minecraft:coal_block":2,"ars_elemental:flashpine_pod":6,"railcraft:sulfur_dust":22,"forbidden_arcanus:aureal_bottle":5,"minecraft:big_dripleaf":2,"thermal:sadiroot_seeds":4,"mysticalagriculture:prosperity_shard":24,"minecraft:cherry_log":53,"gtceu:purple_drink":6,"tombstone:tablet_of_cupidity":1,"deepresonance:resonating_ore_deepslate":1,"sophisticatedbackpacks:pickup_upgrade":1,"evilcraft:box_of_eternal_closure":1,"minecraft:honey_bottle":3,"forbidden_arcanus:splash_aureal_bottle":5,"aether:chainmail_gloves":2,"minecraft:iron_block":2,"minecraft:cyan_terracotta":5,"farmersdelight:rope":153,"thermal:radish_seeds":3,"supplementaries:quiver":1,"supplementaries:ash":49,"delightful:cantaloupe_seeds":5,"minecraft:birch_log":2,"botania:cyan_mushroom":1,"minecraft:magma_block":4,"minecraft:feather":3,"minecraft:cooked_beef":16,"twilightforest:ironwood_pickaxe":1,"minecraft:dark_oak_boat":1,"biomesoplenty:fir_sapling":2,"biomesoplenty:fir_log":381,"minecraft:flint":11,"delightful:cantaloupe":5,"ars_elemental:yellow_archwood_sapling":8,"immersiveengineering:ingot_lead":1,"minecraft:map":1,"tombstone:familiar_receptacle":2,"minecraft:lantern":12,"minecraft:brown_candle":3,"artifacts:shock_pendant":3,"biomesoplenty:snowblossom_sapling":6,"bhc:red_heart":12,"sushigocrafting:wasabi_seeds":9,"theurgy:sal_ammoniac_crystal":1,"delightful:mini_melon":1,"minecraft:gray_candle":3,"minecraft:moss_block":76,"enderio:dark_steel_ingot":15,"minecraft:honeycomb":2,"patchouli:guide_book":2,"everythingcopper:copper_horse_armor":18,"minecraft:stripped_spruce_log":1,"minecraft:ink_sac":32,"thermal:onion_seeds":5,"minecraft:dark_oak_log":101,"minecraft:trapped_chest":1,"minecraft:barrel":3,"ars_nouveau:wilden_horn":7,"quark:jasper":203,"minecraft:bundle":12,"thermal:eggplant_seeds":2,"minecraft:granite":1,"minecraft:cherry_slab":315,"reliquary:witch_hat":2,"twigs:rhyolite":133,"gtceu:invar_ingot":1,"minecraft:dark_oak_fence":4,"minecraft:coarse_dirt":10,"minecraft:crafting_table":3,"pneumaticcraft:programming_puzzle":25,"minecraft:clay_ball":148,"minecraft:stripped_cherry_log":1,"sushigocrafting:soy_seeds":8,"evilcraft:poison_sac":1,"travelersbackpack:pig":2,"minecraft:glass_pane":16,"travelersbackpack:redstone":3,"minecraft:beef":10,"thermal:niter":4,"minecraft:iron_nugget":1,"minecraft:spruce_slab":1,"minecraft:chest":34,"minecraft:birch_sapling":1,"minecraft:egg":7,"railcraft:quarried_stone":29,"minecraft:stone":8,"reliquary:rib_bone":1,"mekanismtools:refined_obsidian_boots":1,"supplementaries:pedestal":3,"pneumaticcraft:capacitor":5,"pneumaticcraft:gun_ammo_weighted":4,"ars_nouveau:split_arrow":44,"farmersdelight:tomato_seeds":20,"minecraft:redstone":522,"artifacts:everlasting_beef":1,"minecraft:tnt":1,"irons_spellbooks:evocation_rune":1,"minecraft:decorated_pot":1,"minecraft:peony":1,"minecraft:hay_block":10,"rftoolsstorage:storage_scanner":1,"alltheores:raw_osmium":6,"botania:green_mystical_flower":1,"minecraft:glow_berries":1,"minecraft:rail":2,"minecraft:white_wool":1,"minecraft:bone_block":11,"eidolon:wraith_heart":1,"minecraft:oxeye_daisy":2,"powah:capacitor_basic_tiny":6,"minecraft:tripwire_hook":5,"pneumaticcraft:logistics_core":2,"minecraft:red_mushroom":8,"croptopia:glowing_calamari":1,"gtceu:green_sapphire_gem":4,"minecraft:filled_map":1,"ars_nouveau:wilden_wing":5,"minecraft:oak_log":98,"minecraft:lily_pad":1,"powah:dielectric_rod":44,"botania:red_mushroom":2,"enderchests:ender_chest":2,"quark:limestone":376,"minecraft:white_banner":1,"alltheores:brass_ingot":1,"minecraft:apple":14,"minecraft:stone_bricks":19,"minecraft:kelp":4,"minecraft:spore_blossom":5,"enderio:wood_gear":10,"quark:glow_shroom":5,"tombstone:bag_of_seeds":4,"minecraft:glass_bottle":1,"caupona:asses":1,"tombstone:scroll_of_frost_resistance":2,"minecraft:iron_sword":2,"minecraft:flowering_azalea":1,"forbidden_arcanus:darkstone":324,"minecraft:polished_andesite_stairs":2,"minecraft:prismarine_brick_stairs":1,"thermal:blitz_rod":3,"minecraft:smooth_basalt":4,"minecraft:dark_oak_slab":61,"productivebees:sugar_cane_nest":1,"minecraft:sweet_berries":2,"thermal:strawberry_seeds":3,"minecraft:gravel":140,"tombstone:decorative_subaraki_grave":2,"minecraft:spruce_sapling":34,"minecraft:spruce_log":203,"silentgear:bort":2,"travelersbackpack:standard":4,"tombstone:scroll_of_true_sight":2,"botania:red_double_flower":1,"forbidden_arcanus:arcane_crystal":1,"cookingforblockheads:sink":1,"minecraft:slime_ball":22,"immersiveengineering:seed":87,"gtceu:manganese_ingot":12,"tombstone:scroll_of_knowledge":1,"croptopia:orange":13,"pneumaticcraft:vortex_cannon":1,"naturescompass:naturescompass":2,"minecraft:lodestone":2,"thermal:amaranth_seeds":4,"minecraft:stripped_dark_oak_log":2,"utilitix:experience_crystal":1,"minecraft:ender_pearl":2,"irons_spellbooks:scroll":6,"ars_nouveau:caster_tome":4,"minecraft:wheat":6,"twigs:roseate_seashell":1,"tombstone:tablet_of_home":1,"ars_nouveau:ritual_moonfall":1,"minecraft:potion":3,"minecraft:stone_brick_stairs":3,"minecraft:crimson_planks":14,"railcraft:steel_ingot":3,"elevatorid:elevator_red":1,"minecraft:raw_copper":70,"minecraft:smooth_stone_slab":8,"minecraft:cherry_pressure_plate":34,"minecraft:sticky_piston":1,"minecraft:purple_banner":2,"minecraft:zombie_head":11,"pneumaticcraft:gun_ammo_explosive":1,"forbidden_arcanus:carved_edelwood_log":5,"minecraft:sea_pickle":4,"irons_spellbooks:arcane_essence":55,"minecraft:deepslate_tiles":1,"biomesoplenty:fir_planks":16,"reliquary:zombie_heart":3,"minecraft:bucket":2,"twigs:pebble":65,"delightful:acorn":13,"artifacts:aqua_dashers":1,"minecraft:white_tulip":9,"minecraft:azalea":4,"minecraft:iron_pickaxe":2,"alltheores:iron_ore_hammer":1,"eidolon:raven_feather":4,"delightful:green_tea_leaf":4,"thermal:spinach_seeds":4,"minecraft:iron_boots":1,"farmersdelight:cabbage_seeds":10,"minecraft:furnace":19,"tombstone:scroll_of_lightning_resistance":2,"minecraft:stick":13,"botania:lexicon":5,"apotheosis:gem":13,"minecraft:deepslate_brick_wall":1,"forbidden_arcanus:tentacle":1,"minecraft:torch":37,"botania:black_mushroom":2,"twigs:bamboo_leaves":1,"tombstone:grave_dust":21,"thermal:flax_seeds":4,"pneumaticcraft:pressure_tube":32,"deepresonance:resonating_ore_stone":3,"productivebees:upgrade_base":2,"eidolon:tattered_cloth":5,"quark:ancient_tome":1,"minecraft:rotten_flesh":155,"thermal:corn_seeds":5,"gtceu:red_garnet_gem":6,"ars_nouveau:whirlisprig_shards":2,"evilcraft:condensed_blood":59,"ars_nouveau:ritual_cloudshaping":1,"twigs:tangerine_seashell":1,"minecraft:cobblestone":2226,"paraglider:paraglider":1,"enderio:loot_capacitor":4,"minecraft:enchanting_table":1,"minecraft:pink_petals":363,"occultism:datura_seeds":30,"minecraft:cherry_planks":2,"minecraft:repeater":1,"pneumaticcraft:compressed_iron_boots":1,"mekanismtools:lapis_lazuli_helmet":1,"pneumaticcraft:gun_ammo_freezing":1,"twilightforest:arctic_chestplate":1,"paraglider:spirit_orb":44,"gtceu:rubber_sapling":13,"minecraft:tuff":57,"supplementaries:flax_seeds":3,"gtceu:lead_ingot":1,"gtceu:red_granite_cobblestone":17,"artifacts:flame_pendant":1,"minecraft:lapis_lazuli":102,"minecraft:dirt":938,"alltheores:raw_tin":12,"minecraft:glass":58,"minecraft:bone":58,"evilcraft:bloody_cobblestone":1,"silentgear:blaze_gold_nugget":7,"minecraft:bow":8,"minecraft:wheat_seeds":24,"ars_nouveau:source_gem":3,"minecraft:raw_gold":29,"minecraft:grindstone":1,"gtceu:bronze_ingot":23,"tombstone:scroll_of_reach":2,"minecraft:mossy_stone_bricks":5,"minecraft:bamboo":2,"twigs:twig":49,"minecraft:oak_planks":14,"botania:gray_mystical_flower":1,"silentgear:crimson_iron_ingot":2,"thermal:bell_pepper_seeds":1,"gtceu:yellow_garnet_gem":3,"minecraft:music_disc_13":1,"quark:shale":133,"alltheores:raw_lead":9,"minecraft:sand":258,"thermal:blizz_rod":1,"ars_elemental:yellow_archwood_log":75,"minecraft:mossy_cobblestone":2,"artifacts:plastic_drinking_hat":1,"minecraft:diamond":189,"alltheores:raw_aluminum":37,"minecraft:soul_lantern":2,"waystones:waystone":12,"tombstone:tablet_of_recall":7,"forbidden_arcanus:edelwood_stick":2,"minecraft:golden_apple":2,"minecraft:emerald":10,"minecraft:netherrack":2,"twigs:petrified_lichen":3,"minecraft:azure_bluet":2,"artifacts:night_vision_goggles":1,"minecraft:turtle_helmet":5,"minecraft:brown_mushroom":1,"ars_nouveau:warp_scroll":2,"silentgear:nether_banana":2,"minecraft:gold_block":4,"minecraft:diamond_horse_armor":1,"gtceu:rubber_log":17,"enderio:broken_spawner":24,"minecraft:shield":1,"ars_nouveau:archwood_planks":1,"minecraft:moss_carpet":7,"minecraft:iron_axe":2,"pneumaticcraft:compressed_stone":91,"minecraft:cyan_carpet":12,"reliquary:chelicerae":2,"artifacts:fire_gauntlet":1,"minecraft:blackstone":382,"minecraft:candle":5,"minecraft:oak_boat":3,"tombstone:tablet_of_assistance":2,"minecraft:sugar_cane":1,"minecraft:dark_oak_sapling":10,"tombstone:ankh_of_pray":1,"minecraft:raw_iron":189,"ars_nouveau:ritual_flight":1,"evilcraft:origins_of_darkness":5,"gtceu:marble_cobblestone":209,"minecraft:music_disc_11":1,"tombstone:scroll_of_purification":2,"minecraft:purple_terracotta":1,"minecraft:dark_oak_planks":16,"thermal:peanut_seeds":2,"minecraft:purple_candle":6,"minecraft:arrow":59,"ars_elemental:fire_caster_tome":1,"minecraft:pink_tulip":1,"minecraft:saddle":1,"minecraft:black_banner":1,"forbidden_arcanus:spawner_scrap":13,"minecraft:skeleton_skull":8,"minecraft:cracked_deepslate_tiles":1,"silentgear:flax_seeds":8,"minecraft:air":5,"sushigocrafting:rice_seeds":27,"minecraft:salmon":3,"minecraft:leather":19,"forbidden_arcanus:zombie_arm":1,"minecraft:music_disc_stal":2,"quark:smithing_template_rune":1,"minecraft:chainmail_chestplate":2,"minecraft:cobblestone_wall":1,"productivebees:dark_oak_wood_nest":1,"minecraft:gunpowder":26,"quark:forgotten_hat":1,"irons_spellbooks:rare_ink":1,"botania:light_gray_petal":3,"irons_spellbooks:common_ink":1,"pneumaticcraft:pneumatic_cylinder":14,"minecraft:iron_ingot":4,"artifacts:whoopee_cushion":1,"thermal:tomato_seeds":8,"minecraft:acacia_sapling":2,"minecraft:music_disc_chirp":1,"minecraft:book":165,"minecraft:black_candle":11,"minecraft:chiseled_stone_bricks":4,"pneumaticcraft:transistor":3,"minecraft:raw_iron_block":3,"minecraft:quartz":51,"minecraft:dandelion":15,"sushigocrafting:cucumber_seeds":8,"pneumaticcraft:ingot_iron_compressed":42,"minecraft:amethyst_shard":6,"minecraft:white_bed":11,"thermal:green_bean_seeds":2,"ars_nouveau:music_disc_thistle_the_sound_of_glass":1,"artifacts:scarf_of_invisibility":1,"minecraft:dark_oak_fence_gate":4,"gtceu:steel_ingot":20,"minecraft:spider_eye":13,"gtceu:ruby_gem":3,"rftoolsstorage:modular_storage":1,"powah:dielectric_rod_horizontal":32,"thermal:rice_seeds":3,"mekanismgenerators:wind_generator":2,"ars_nouveau:wilden_spike":4,"rftoolsstorage:tablet_scanner":2,"minecraft:pumpkin_seeds":11,"minecraft:chainmail_leggings":1,"evilcraft:dark_gem":10,"minecraft:iron_helmet":2,"minecraft:cherry_sapling":37,"tombstone:magic_scroll":12,"minecraft:coal":238},"minecraft:used":{"minecraft:peony":1,"minecraft:moss_block":52,"minecraft:spruce_slab":1,"minecraft:chest":13,"minecraft:stone":3,"delightful:cantaloupe_seeds":3,"twigs:roseate_seashell":1,"minecraft:cracked_deepslate_tiles":1,"botania:black_mushroom":2,"pneumaticcraft:compressed_iron_boots":1,"minecraft:birch_sapling":1,"minecraft:dark_oak_slab":216,"connectedglass:clear_glass_pane":307,"minecraft:stone_brick_stairs":2,"ironfurnaces:iron_furnace":2,"minecraft:bow":112,"minecraft:sweet_berries":5,"minecraft:furnace":24,"enderchests:ender_chest":1,"minecraft:egg":4,"travelersbackpack:redstone":8,"minecraft:deepslate_brick_wall":1,"minecraft:mossy_stone_bricks":5,"botania:gray_mystical_flower":1,"minecraft:blackstone":36,"minecraft:wooden_pickaxe":59,"artifacts:eternal_steak":181,"evilcraft:bloody_cobblestone":1,"minecraft:glow_berries":1,"minecraft:sand":20,"rftoolsstorage:modular_storage":1,"minecraft:deepslate_tiles":1,"minecraft:zombie_head":1,"minecraft:cyan_carpet":3,"minecraft:spore_blossom":3,"quark:jasper":13,"minecraft:soul_lantern":2,"minecraft:dark_oak_fence":107,"minecraft:smithing_table":1,"minecraft:oak_boat":5,"create:limestone":1,"minecraft:enchanting_table":2,"minecraft:stone_sword":2,"quark:dark_oak_bookshelf":10,"minecraft:netherrack":1,"minecraft:torch":39,"minecraft:anvil":2,"quark:cherry_bookshelf":10,"twigs:petrified_lichen":1,"biomesoplenty:snowblossom_sapling":6,"minecraft:shroomlight":1,"supplementaries:pedestal":2,"tombstone:ankh_of_pray":5,"minecraft:flowering_azalea":1,"minecraft:cherry_slab":537,"minecraft:iron_block":1,"minecraft:iron_axe":875,"elevatorid:elevator_red":3,"minecraft:barrel":1,"minecraft:bamboo":2,"minecraft:smooth_basalt":4,"twigs:bamboo_leaves":4,"minecraft:tripwire_hook":5,"tombstone:gift":8,"minecraft:trapped_chest":1,"torchmaster:megatorch":1,"minecraft:cherry_log":13,"minecraft:cobbled_deepslate":512,"minecraft:water_bucket":109,"minecraft:cherry_planks":2,"minecraft:crafting_table":5,"railcraft:quarried_stone":13,"minecraft:white_bed":7,"minecraft:dark_oak_fence_gate":5,"minecraft:spruce_log":49,"minecraft:diamond_pickaxe":5966,"minecraft:iron_pickaxe":996,"tombstone:magic_scroll":1,"minecraft:chiseled_stone_bricks":4,"minecraft:cobblestone":448,"travelersbackpack:standard":6,"minecraft:kelp":2,"delightful:cantaloupe":3,"quark:crimson_bookshelf":2,"minecraft:cherry_sapling":40,"minecraft:moss_carpet":3,"minecraft:iron_shovel":192,"minecraft:shield":41,"travelersbackpack:pig":3,"pneumaticcraft:compressed_iron_leggings":1,"minecraft:tuff":27,"minecraft:axolotl_bucket":6,"minecraft:obsidian":1,"minecraft:big_dripleaf":1,"quark:limestone":56,"minecraft:cyan_terracotta":5,"minecraft:lantern":43,"mekanismgenerators:wind_generator":2,"minecraft:iron_helmet":2,"connectedglass:borderless_glass_pane":24,"minecraft:stone_bricks":8,"minecraft:dark_oak_sapling":4,"minecraft:dark_oak_stairs":4,"silentgear:nether_banana":1,"minecraft:stone_pickaxe":140,"biomesoplenty:fir_planks":1,"minecraft:diamond_axe":66,"minecraft:blue_bed":1,"minecraft:sugar_cane":8,"ars_nouveau:archwood_planks":1,"enderio:dark_steel_sword":1048,"waystones:waystone":11,"minecraft:dark_oak_log":3,"minecraft:bread":2,"minecraft:string":12,"utilitix:experience_crystal":1,"tombstone:grave_key":5,"minecraft:gravel":5,"tombstone:decorative_subaraki_grave":3,"minecraft:grindstone":1,"minecraft:coarse_dirt":10,"forbidden_arcanus:carved_edelwood_log":4,"minecraft:azalea":3,"minecraft:white_tulip":4,"minecraft:spruce_planks":2,"pneumaticcraft:compressed_iron_helmet":1,"minecraft:dirt":637,"minecraft:cherry_pressure_plate":2,"twigs:rhyolite":5,"gtceu:marble_cobblestone":39,"minecraft:dark_oak_planks":14,"twigs:tangerine_seashell":1,"pneumaticcraft:compressed_iron_chestplate":1,"tombstone:tablet_of_home":1,"minecraft:stone_axe":17,"minecraft:pink_petals":328,"minecraft:turtle_helmet":1,"minecraft:bucket":111,"twigs:pebble":1},"minecraft:broken":{"minecraft:diamond_pickaxe":2,"aether:iron_gloves":2,"minecraft:wooden_pickaxe":1,"minecraft:iron_axe":2,"minecraft:iron_pickaxe":3,"minecraft:stone_pickaxe":1},"minecraft:killed":{"minecraft:cave_spider":5,"minecraft:skeleton":42,"creeperoverhaul:cave_creeper":1,"irons_spellbooks:archevoker":1,"minecraft:tropical_fish":1,"thermal:blitz":9,"minecraft:pillager":10,"irons_spellbooks:summoned_vex":1,"minecraft:zombie":93,"minecraft:cow":6,"minecraft:vindicator":1,"eidolon:wraith":10,"naturalist:giraffe":1,"minecraft:husk":8,"evilcraft:poisonous_libelle":1,"minecraft:witch":3,"minecraft:spider":27,"quark:forgotten":1,"thermal:blizz":1,"minecraft:silverfish":31,"irons_spellbooks:summoned_skeleton":2,"artifacts:mimic":5,"ars_nouveau:gift_starby":1,"irons_spellbooks:necromancer":6,"minecraft:creeper":3,"minecraft:trader_llama":1,"eidolon:zombie_brute":7,"irons_spellbooks:summoned_zombie":2,"minecraft:bat":1,"minecraft:squid":7},"minecraft:dropped":{"naturescompass:naturescompass":1,"minecraft:iron_sword":1,"occultism:datura_seeds":3,"minecraft:cooked_beef":8,"minecraft:diamond":47,"artifacts:shock_pendant":3,"thermal:corn_seeds":3,"quark:limestone":112,"minecraft:cherry_pressure_plate":32,"minecraft:rail":2,"thermal:flax_seeds":1,"minecraft:dirt":64,"irons_spellbooks:arcane_essence":5,"forbidden_arcanus:darkstone":64,"minecraft:cyan_carpet":9,"minecraft:bone":1,"ars_nouveau:whirlisprig_shards":1,"minecraft:cobbled_deepslate":256,"minecraft:rotten_flesh":1,"minecraft:white_bed":1,"artifacts:everlasting_beef":1,"gtceu:manganese_ingot":6,"supplementaries:flax_seeds":3,"mysticalagriculture:inferium_essence":2,"farmersdelight:rope":21,"thermal:rice_seeds":1,"minecraft:glass":64,"minecraft:beef":3,"minecraft:iron_ingot":2,"minecraft:cobblestone":137,"minecraft:iron_helmet":2,"croptopia:orange":13,"rftoolsstorage:modular_storage":1,"minecraft:apple":1,"minecraft:ink_sac":32,"quark:jasper":112,"minecraft:string":1,"ars_nouveau:caster_tome":1,"minecraft:moss_carpet":1,"minecraft:clay_ball":148,"sophisticatedbackpacks:backpack":1,"minecraft:cherry_slab":4,"minecraft:pumpkin_seeds":3,"minecraft:big_dripleaf":1,"minecraft:bundle":10,"minecraft:bow":2,"minecraft:magma_block":3,"artifacts:snowshoes":1,"minecraft:ender_pearl":1,"pneumaticcraft:programming_puzzle":7,"paraglider:spirit_orb":4,"botania:green_mystical_flower":1,"eidolon:raven_feather":3,"minecraft:birch_log":2,"twigs:twig":1,"minecraft:white_tulip":2,"minecraft:blackstone":345,"rftoolsstorage:storage_module2":1,"quark:shale":84,"crafting_on_a_stick:crafting_table":1,"supplementaries:ash":2,"minecraft:gunpowder":9,"minecraft:quartz":36,"immersiveengineering:seed":6,"minecraft:bread":3,"everythingcopper:copper_horse_armor":1,"enderio:wood_gear":1,"pneumaticcraft:compressed_stone":6,"tombstone:ankh_of_pray":1,"minecraft:torch":18,"forbidden_arcanus:spawner_scrap":1,"minecraft:bucket":2,"ars_nouveau:wilden_wing":2,"minecraft:redstone":523,"pneumaticcraft:pneumatic_cylinder":2,"enderio:broken_spawner":2,"pneumaticcraft:ingot_iron_compressed":4,"minecraft:filled_map":2,"aether:chainmail_gloves":2,"aether:diamond_gloves":1,"rftoolsstorage:storage_scanner":1,"thermal:niter":4},"minecraft:killed_by":{"minecraft:pillager":1,"minecraft:zombie":4,"artifacts:mimic":1,"irons_spellbooks:necromancer":1,"minecraft:skeleton":1},"minecraft:crafted":{"minecraft:yellow_wool":2,"quark:dark_oak_bookshelf":10,"minecraft:quartz_block":2,"minecraft:glass":207,"glassential:glass_trapdoor":2,"minecraft:iron_pickaxe":3,"minecraft:iron_block":1,"minecraft:gold_ingot":233,"tombstone:book_of_disenchantment":3,"minecraft:iron_nugget":33,"tombstone:blue_marble":4,"quark:cherry_bookshelf":10,"minecraft:lantern":26,"minecraft:dark_oak_fence":35,"minecraft:stone_pickaxe":2,"minecraft:redstone_block":1,"minecraft:dark_oak_planks":45,"minecraft:enchanting_table":1,"minecraft:blue_bed":1,"sophisticatedbackpacks:gold_backpack":1,"minecraft:iron_shovel":2,"connectedglass:clear_glass_pane":110,"minecraft:oak_planks":8,"ars_nouveau:archwood_planks":2,"minecraft:cherry_slab":44,"minecraft:stone":4,"minecraft:chest":5,"quark:crimson_bookshelf":2,"minecraft:crafting_table":5,"minecraft:spruce_planks":7,"minecraft:birch_planks":4,"rftoolsstorage:storage_module0":1,"rftoolsstorage:storage_module2":1,"biomesoplenty:fir_planks":18,"minecraft:dark_oak_slab":21,"minecraft:diamond_pickaxe":4,"minecraft:yellow_dye":2,"minecraft:shield":1,"rftoolsstorage:modular_storage":1,"minecraft:stick":53,"minecraft:iron_ingot":340,"minecraft:stone_sword":1,"minecraft:dark_oak_fence_gate":3,"rftoolsstorage:storage_module1":1,"tombstone:decorative_subaraki_grave":1,"minecraft:cherry_planks":50,"artifacts:eternal_steak":1,"minecraft:raw_iron":9,"rftoolsbase:machine_frame":1,"minecraft:furnace":5,"minecraft:glass_pane":28,"minecraft:iron_axe":2,"minecraft:filled_map":1,"sophisticatedbackpacks:iron_backpack":1,"minecraft:dark_oak_stairs":1,"minecraft:yellow_carpet":1,"tombstone:ankh_of_pray":1,"minecraft:bucket":2,"connectedglass:borderless_glass_pane":116,"crafting_on_a_stick:crafting_table":3,"minecraft:stone_axe":1,"minecraft:air":3197,"minecraft:blue_dye":3,"minecraft:oak_boat":2,"minecraft:raw_gold":12,"minecraft:torch":13},"minecraft:custom":{"minecraft:interact_with_crafting_table":7,"minecraft:open_barrel":21,"minecraft:leave_game":15,"minecraft:time_since_death":485935,"minecraft:damage_blocked_by_shield":1920,"minecraft:play_time":872456,"minecraft:deaths":9,"minecraft:jump":17000,"minecraft:enchant_item":33,"minecraft:interact_with_furnace":116,"minecraft:traded_with_villager":1,"minecraft:interact_with_cartography_table":1,"minecraft:sleep_in_bed":13,"minecraft:waystone_activated":15,"minecraft:damage_dealt":48373,"tombstone:revive_familiar":2,"tombstone:undead_killed":171,"minecraft:inspect_dispenser":1,"minecraft:horse_one_cm":145,"minecraft:interact_with_anvil":12,"minecraft:damage_dealt_absorbed":80,"minecraft:sneak_time":43556,"minecraft:total_world_time":872456,"tombstone:raider_killed":14,"minecraft:time_since_rest":124014,"minecraft:swim_one_cm":196162,"minecraft:fly_one_cm":3225349,"minecraft:open_chest":513,"minecraft:fall_one_cm":494384,"lootr:looted_stat":189,"minecraft:damage_resisted":18,"minecraft:sprint_one_cm":2091578,"minecraft:drop":150,"minecraft:play_noteblock":1,"minecraft:talked_to_villager":21,"minecraft:walk_on_water_one_cm":152009,"minecraft:crouch_one_cm":132335,"minecraft:mob_kills":318,"minecraft:damage_dealt_resisted":186,"minecraft:climb_one_cm":11244,"minecraft:walk_one_cm":1912307,"minecraft:walk_under_water_one_cm":77609,"minecraft:boat_one_cm":104896,"minecraft:interact_with_grindstone":25,"minecraft:damage_taken":17026,"minecraft:damage_absorbed":0}},"DataVersion":3465}